id_dia,fecha,semana,fdo_produccion,fdo_backlog,fdo_congestion,fdo_fatiga,fdo_clima,fdo_dotacion,fdo_variabilidad
1,2024-11-11,1,0.32483570765056163,0.19308678494144077,0.2823844269050346,0.2761514928204013,0.3765846625276664,0.888293152152541,0.2789606407753696
2,2024-11-12,1,0.3383717364576454,0.1765262807032524,0.2771280021792982,0.1768291153593769,0.3534270246429743,0.9120981135783017,0.10433598776711012
3,2024-11-13,1,0.21375410837434833,0.17188562353795137,0.19935844398327882,0.2157123666297637,0.3091975924478789,0.8293848149332355,0.2732824384460777
4,2024-11-14,1,0.2887111849756732,0.2033764102343962,0.17876259068932715,0.2727808637737409,0.4110922589709866,0.8424503211288848,0.21878490091728361
5,2024-11-15,1,0.2699680655040597,0.18541531251033616,0.21991466938853016,0.3926139092254469,0.39865027752620663,0.847114453552205,0.24112724560515947
6,2024-11-16,1,0.23895781750144887,0.2104431797502378,0.15201649380601123,0.13359069755507846,0.4196861235869124,0.9369233289997705,0.20856841405949852
7,2024-11-17,1,0.29421758588058794,0.18494481522053557,0.17607390048162863,0.16400778958026457,0.35393612290402127,0.9528561113109458,0.21718091447842308
8,2024-11-18,2,0.26639344677731785,0.2798405621061034,0.2852913405246387,0.22069935453015663,0.5692957923752063,0.9242772488520703,0.3011094605012645
9,2024-11-19,2,0.31258457838432263,0.24817574484380295,0.32110862611563273,0.30332271090157253,0.46021073970659054,0.863444323894082,0.19922870584515318
10,2024-11-20,2,0.294735123341421,0.30426265475607356,0.3723574559739957,0.2509449484664379,0.608481453280322,0.8908090739796545,0.22228946681519834
11,2024-11-21,2,0.3726152348208753,0.3405381919596621,0.30275415258995697,0.43277763733615493,0.2461536530821451,0.913822397946034,0.2588978079573631
12,2024-11-22,2,0.3395950870221612,0.2682244024631388,0.20516700881540992,0.34356186015357904,0.5438394206422942,0.9466219749643486,0.2286319436317722
13,2024-11-23,2,0.31412077440079517,0.23854851145713685,0.3503155604305583,0.2709830100284388,0.45515214311441565,0.8983906443829406,0.2593993320128566
14,2024-11-24,2,0.402977704072099,0.22853370894249606,0.28816234721556616,0.23494004688884668,0.3617766686779077,0.8875332865805016,0.26759821815444906
15,2024-11-25,3,0.4093465819230321,0.3155433706039699,0.28832237198838834,0.2880586429526411,0.5476549474182267,0.8053406819934645,0.3010266235076086
16,2024-11-26,3,0.429293451931636,0.4215820223332538,0.367819799732501,0.3219684286270473,0.574481807494287,0.7495159846895934,0.30776521531844825
17,2024-11-27,3,0.4121024195879604,0.4504348328969916,0.3494728608518529,0.3241682762075897,0.5784552221003794,0.7870206435735688,0.36623204981666013
18,2024-11-28,3,0.4466875607252478,0.3668243246248796,0.3136215363511721,0.47923062463771404,0.4417412927916756,0.874797400144559,0.418613690381408
19,2024-11-29,3,0.3595640928343746,0.2989578407925887,0.3640734773452911,0.3839171263850991,0.42686005596429044,0.8488826941948469,0.25597572340460384
20,2024-11-30,3,0.4327705306226681,0.2813015155610371,0.4365876293417861,0.26992824447409725,0.5497202474503362,0.886130406323029,0.24754769326921133
21,2024-12-01,3,0.42046390582111554,0.3926298649868487,0.2787167473628477,0.31832260201752427,0.6079146784957461,0.884545689043411,0.24724337354700499
22,2024-12-02,4,0.3976135329821498,0.41700616918993577,0.4284855972980229,0.3761610061536575,0.6326091093258842,0.7841805821028937,0.3752490484944138
23,2024-12-03,4,0.4782899873012977,0.3551915200077725,0.5069250891936015,0.387328009681953,0.4788339386559218,0.8510094986135097,0.31490228012499755
24,2024-12-04,4,0.5029905938234862,0.4488388698594611,0.37260224771877803,0.41180517009857975,0.6392423810698364,0.8592848261815428,0.458476012769061
25,2024-12-05,4,0.4513669578362201,0.35322228269121636,0.3691606421550874,0.4228458493880917,0.5902541174347762,0.8352394169226505,0.3774709036028646
26,2024-12-06,4,0.5049955260881648,0.39155918550298624,0.4863130674942294,0.4504035219744658,0.8699812050351485,0.8494651855700686,0.3207784858155495
27,2024-12-07,4,0.410091738733308,0.4150327116712501,0.40246322437007104,0.39933638834096824,0.6452880508335411,0.8145403725489746,0.3212966777329434
28,2024-12-08,4,0.3878940024020704,0.36858334330573983,0.4564563033525372,0.37434105084287383,0.47339041050498787,0.8268408644743773,0.3829022326228055
29,2024-12-09,5,0.47398894637176153,0.46223170984273093,0.47109225410411815,0.36103330329028704,0.5869286509056799,0.8189483172275026,0.47233438034058206
30,2024-12-10,5,0.5708719207835633,0.38566198614759994,0.421290566186062,0.4439335815422512,0.6025285099620725,0.8166614752243933,0.6108183927145543
31,2024-12-11,5,0.5467263437164765,0.5113237365544845,0.5158819063564782,0.45075138074710813,0.519622990406817,0.8288575519337542,0.37954055745493964
32,2024-12-12,5,0.5063408878448178,0.4302772771539993,0.47227552515113425,0.6339147465154936,0.3644233956116768,0.8252221004278165,0.3375460246223356
33,2024-12-13,5,0.4945852248923465,0.5089929843938228,0.4713958191365913,0.4642945792853529,0.4796195439448548,0.8248889783558246,0.3816634865959614
34,2024-12-14,5,0.529004747660917,0.45682404654064523,0.4356018008015273,0.5253790226480846,0.6145418171026528,0.6896519615762106,0.4275045339202896
35,2024-12-15,5,0.4850924949433988,0.49716712128526575,0.4285557812601831,0.41244499610847324,0.6016486427688974,0.834196850617597,0.3581669978290294
36,2024-12-16,6,0.5560022109352253,0.4944345526237704,0.4900608110985871,0.5609999847413276,0.49684468246438157,0.7005921659196114,0.5186203700800115
37,2024-12-17,6,0.6788350825779044,0.5698050812093756,0.446758774429572,0.4485155690839602,0.5830376262869483,0.7282528903554246,0.49491824413458413
38,2024-12-18,6,0.6114589753987396,0.47183529460291407,0.5197510049241827,0.3106639057238191,0.353907747234857,0.7510079560667057,0.4103381136290302
39,2024-12-19,6,0.6543478379238545,0.44667474928378653,0.5007250483924235,0.5792643015915773,0.6004738402748976,0.6918432560773917,0.5308854603350207
40,2024-12-20,6,0.5732389257782521,0.46910638562942064,0.5458324464404363,0.5826802575059462,0.39632482365240657,0.7671264678858646,0.4534615928841847
41,2024-12-21,6,0.5784031399898352,0.5512883519078705,0.6020281135345403,0.41083649778593023,0.6696498488339127,0.6660319736602386,0.46513801797549353
42,2024-12-22,6,0.6021431330515016,0.5322314115685698,0.491592296736243,0.46232116020940894,0.40704641790240276,0.7341681257891531,0.5152073775783239
43,2024-12-23,7,0.6451235015709795,0.5471727020551491,0.6222527210443897,0.5426377033165577,0.42493970051561014,0.7678450784598171,0.4858229767266236
44,2024-12-24,7,0.5992636752628787,0.6191828620743449,0.6077912405444004,0.5262276475745198,0.3553862269625923,0.8002468811530576,0.49769415783093574
45,2024-12-25,7,0.6546275963312291,0.5717085491964871,0.5663886671113662,0.5822115698720868,0.42619512353051714,0.7770391181636683,0.5925466676304437
46,2024-12-26,7,0.6283229193543651,0.61591583038293,0.5617593894430544,0.6434810448971493,0.3306391831949457,0.7412134346132724,0.5570305785445729
47,2024-12-27,7,0.5863616931110536,0.6864375456024548,0.5269718581977421,0.5665632966333406,0.4594645759817209,0.7759467710617832,0.558478718125335
48,2024-12-28,7,0.6586900027359412,0.581205843175836,0.5324100086984356,0.5310629551824135,0.275937317480503,0.785119623034524,0.5199198581976203
49,2024-12-29,7,0.5859978674331017,0.5657488897355322,0.5979192999865084,0.4990864996325285,0.261431449075071,0.748547996938232,0.5395210558281633
50,2024-12-30,8,0.6564710230496252,0.6219026301736293,0.6434206786860637,0.5094139647433156,0.10810370769149286,0.6731686980282873,0.5711458242325894
51,2024-12-31,8,0.697363560098082,0.7192223563020231,0.6747011629782829,0.5738212553200104,0.24694846433887951,0.6589644408590186,0.5808925250185623
52,2025-01-01,8,0.6673852498721748,0.66159047347145,0.5904566346405656,0.6077855075302404,0.40212397642940617,0.7036529016680663,0.6019037679231288
53,2025-01-02,8,0.7163253814037374,0.6253935218602537,0.6430228059087026,0.6824478018572715,0.25861769498403153,0.6704404198981357,0.5830436905311289
54,2025-01-03,8,0.7067180963804542,0.7180117258442976,0.6797817231224422,0.7894773046937595,0.17211532884034342,0.752706940926943,0.5909852821050994
55,2025-01-04,8,0.7913083284790654,0.6050396311867879,0.589832089709143,0.5518485495459807,0.03646051269816769,0.6828031580068711,0.5438615487404969
56,2025-01-05,8,0.6893378711419922,0.6625423442434035,0.7256267237789762,0.6293393737274843,0.19115971956290806,0.6641701755234912,0.606414140393507
57,2025-01-06,9,0.6703519760126042,0.8006638473836267,0.7453356423997006,0.6129048537584011,0.030722258714725725,0.7495118005264525,0.6306366441010055
58,2025-01-07,9,0.7982544519623094,0.6293695261511907,0.6563948852159477,0.6366258213495455,0.2067337710002877,0.6593149082442197,0.6675061329810112
59,2025-01-08,9,0.6829826148945066,0.7019719348398443,0.6923784179492313,0.6620855780665738,0.2731971994327025,0.6255860772262885,0.5596579278268552
60,2025-01-09,9,0.8002474774585617,0.7257066096898885,0.6489393095358086,0.8139212351397624,0.21360317505309934,0.7407830410213732,0.6397395604341418
61,2025-01-10,9,0.8394010326077357,0.7968579512130692,0.6739154289396826,0.7849421839113541,0.26657330658232825,0.7502497596947993,0.5881174633346311
62,2025-01-11,9,0.7706662093635583,0.7620121334333884,0.5984266620424805,0.5772007107303476,0.0,0.6683478400959539,0.6722407491534345
63,2025-01-12,9,0.8114814889684377,0.7127956481118978,0.7677944136422009,0.5673585634528918,0.03169746768829801,0.679040796873351,0.6555669088106018
64,2025-01-13,10,0.7892743535043862,0.6693551677252789,0.7364530889334515,0.6256856158838483,0.2850408558121002,0.6728753668502969,0.6439151015927231
65,2025-01-14,10,0.7652157450422562,0.7197665966328252,0.7377751360454323,0.7386662069341529,0.11950099629554198,0.6797477803213468,0.6643962099904689
66,2025-01-15,10,0.7512654492959737,0.7673757547295448,0.6891469747881223,0.6632266256417318,0.09828581167021151,0.752781711191274,0.6926722685076774
67,2025-01-16,10,0.7559228155094616,0.7834262682639838,0.7352926884245494,0.7798606109324298,0.27949027093343887,0.6924208400478198,0.6643840335285646
68,2025-01-17,10,0.7621181788768568,0.7589746878696905,0.6258130326723117,0.7151495377991632,0.35476102767354883,0.7367938402205187,0.678457288931272
69,2025-01-18,10,0.8197369390618792,0.7882897804544495,0.8948531313318528,0.7468878364808198,0.2052818417810197,0.6067684325154332,0.6105867748962123
70,2025-01-19,10,0.801082272702452,0.7349097354630575,0.6697964054292073,0.6585804466969646,0.10991880056765686,0.7389025362990828,0.7349910787565634
71,2025-01-20,11,0.8450559133887146,0.9103608433081377,0.7993229608369263,0.7023903353881322,0.4441842442358461,0.6542182294569603,0.6935922377382225
72,2025-01-21,11,0.8359376115503651,0.7925827236943985,0.7263145589063286,0.7917634228311274,0.48281350055589345,0.5573443485817703,0.7736030072890739
73,2025-01-22,11,0.8129224169984541,0.8120073671754016,0.7658348492426019,0.7022550069705545,0.2967239993033631,0.5857252214521754,0.7589773867435373
74,2025-01-23,11,0.8429426399820886,0.8244162340203159,0.7500763623524656,0.8166159789261287,0.367410959091456,0.6523185866539464,0.6965767832146178
75,2025-01-24,11,0.8504211607260067,0.8739329925322259,0.7119842813984768,0.8726225550735421,0.2256094606142957,0.6558026607023852,0.7072915876274195
76,2025-01-25,11,0.7552104404213195,0.7549865144694783,0.7978587927876145,0.7584406705406195,0.2014401739984395,0.659202350211596,0.6623785423410974
77,2025-01-26,11,0.8421505555221797,0.7758128263755136,0.7628627400644374,0.7478244790203661,0.20583049998048514,0.608044950061236,0.7957691859152674
78,2025-01-27,12,0.8711554065238425,0.941784605603257,0.7935146572671191,0.8264902088957642,0.54415686206579,0.47641777499363563,0.7601552372264762
79,2025-01-28,12,0.9288536063590269,0.8898477306978503,0.8685572936685654,0.769800740664209,0.40865897874728996,0.5922161382303961,0.8583891030829904
80,2025-01-29,12,0.9127210421650606,0.91688013310376,0.8294061516938767,0.7756196887963753,0.35674418121803786,0.6197226071189149,0.7789507759589869
81,2025-01-30,12,0.9144887428448205,1.0,0.8935562351715846,0.883698823391608,0.5201213922163944,0.5795962313489225,0.6980937732411073
82,2025-01-31,12,0.8495956844541297,0.8064604039487071,0.8324243257979346,0.9009209189594776,0.5676437312275282,0.6163463686882082,0.7890449735595568
83,2025-02-01,12,0.9414702790591744,0.7894432345496056,0.8617807279054283,0.8385432596943484,0.2521413754220158,0.6571877021603465,0.8169248203747208
84,2025-02-02,12,0.8792356043049598,0.9316390933053141,0.9635346428902198,0.8090933127529248,0.4248220586300336,0.5770319550229879,0.7575077815267605
